{"cameraMode":{"drawMode":0,"name":"Shaded","section":"Shading Mode"},"sceneLighting":false,"audioPlay":false,"sceneViewState":{"showFog":true,"showMaterialUpdate":false,"showSkybox":true,"showFlares":true,"showImageEffects":true,"showParticleSystems":true},"in2DMode":false,"pivot":{"x":182.0642547607422,"y":221.2271270751953,"z":-91.58084869384766},"rotation":{"x":-0.05194419249892235,"y":0.9111865758895874,"z":-0.1212674155831337,"w":-0.39030125737190249},"size":212.08230590820313,"orthographic":false}