{"cameraMode":{"drawMode":0,"name":"Shaded","section":"Shading Mode"},"sceneLighting":false,"audioPlay":false,"sceneViewState":{"showFog":true,"showMaterialUpdate":false,"showSkybox":true,"showFlares":true,"showImageEffects":true,"showParticleSystems":true},"in2DMode":false,"pivot":{"x":130.92440795898438,"y":215.17637634277345,"z":0.0},"rotation":{"x":-0.05194419249892235,"y":0.9111865758895874,"z":-0.1212674155831337,"w":-0.39030125737190249},"size":42.42527770996094,"orthographic":false}